Site,Abundance,Richness,Shannon_Diversity
Asotin,211,13,1.428429154
Chipman1,217,14,1.842770095
Chipman2,209,10,1.379836655
Clark1,143,12,1.893096474
Clark2,63,9,1.973039881
Hutchins,142,10,1.231562312
Kamiak,110,18,2.376932801
Plaza,36,9,1.615358369
Smoot,127,11,1.930578655
Spangle,46,6,1.345689798
